Id,Name,Specie,Mass,Uncertainity,Analythical Method,Uncertainty Method,Particle Size,N Samples,Reference,Country,Place,Test Year,Control Method,Sampling Method,Latitude,Longitude,CAS Number,Symbol,Reference,Link
P25PD7C,Paved Road Dust,Silver,0.0121,0.0109,Inductively Coupled Plasma Atomic Emission Spectroscopy (ICP-AES),standard deviation,PM2.5,7,"Patil et al.,2013",India,Pune,2007,NIL,Dust samples were collected by sweeping  from 2 km x 2 km of grid near shoulders and kerb were collected for about 0.5 to 1 kg followed by sieving through 75 μm sieve.,,,7440-22-4,Ag,"Patil, R. S., Kumar, R., Menon, R., Shah, M. K., & Sethi, V. (2013). Development of particulate matter speciation profiles for major sources in six cities in India. Atmospheric Research, 132-133, 1–11. doi:10.1016/j.atmosres.2013.04.01",https://doi.org/10.1016/j.atmosres.2013.04.012
P25PD7C,Paved Road Dust,Aluminium,0.3113,0.0099,Inductively Coupled Plasma Atomic Emission Spectroscopy (ICP-AES),standard deviation,PM2.5,7,"Patil et al.,2013",India,Pune,2007,NIL,Dust samples were collected by sweeping  from 2 km x 2 km of grid near shoulders and kerb were collected for about 0.5 to 1 kg followed by sieving through 75 μm sieve.,,,7429-90-5,Al,"Patil, R. S., Kumar, R., Menon, R., Shah, M. K., & Sethi, V. (2013). Development of particulate matter speciation profiles for major sources in six cities in India. Atmospheric Research, 132-133, 1–11. doi:10.1016/j.atmosres.2013.04.02",https://doi.org/10.1016/j.atmosres.2013.04.013
P25PD7C,Paved Road Dust,Arsenic,0.0124,0.0100,Inductively Coupled Plasma Atomic Emission Spectroscopy (ICP-AES),standard deviation,PM2.5,7,"Patil et al.,2013",India,Pune,2007,NIL,Dust samples were collected by sweeping  from 2 km x 2 km of grid near shoulders and kerb were collected for about 0.5 to 1 kg followed by sieving through 75 μm sieve.,,,7440-38-2,As,"Patil, R. S., Kumar, R., Menon, R., Shah, M. K., & Sethi, V. (2013). Development of particulate matter speciation profiles for major sources in six cities in India. Atmospheric Research, 132-133, 1–11. doi:10.1016/j.atmosres.2013.04.03",https://doi.org/10.1016/j.atmosres.2013.04.014
P25PD7C,Paved Road Dust,Barium,0.0323,0.0025,Inductively Coupled Plasma Atomic Emission Spectroscopy (ICP-AES),standard deviation,PM2.5,7,"Patil et al.,2013",India,Pune,2007,NIL,Dust samples were collected by sweeping  from 2 km x 2 km of grid near shoulders and kerb were collected for about 0.5 to 1 kg followed by sieving through 75 μm sieve.,,,7440-39-3,Ba,"Patil, R. S., Kumar, R., Menon, R., Shah, M. K., & Sethi, V. (2013). Development of particulate matter speciation profiles for major sources in six cities in India. Atmospheric Research, 132-133, 1–11. doi:10.1016/j.atmosres.2013.04.04",https://doi.org/10.1016/j.atmosres.2013.04.015
P25PD7C,Paved Road Dust,Calcium,7.4904,0.5312,Inductively Coupled Plasma Atomic Emission Spectroscopy (ICP-AES),standard deviation,PM2.5,7,"Patil et al.,2013",India,Pune,2007,NIL,Dust samples were collected by sweeping  from 2 km x 2 km of grid near shoulders and kerb were collected for about 0.5 to 1 kg followed by sieving through 75 μm sieve.,,,7440-70-2,Ca,"Patil, R. S., Kumar, R., Menon, R., Shah, M. K., & Sethi, V. (2013). Development of particulate matter speciation profiles for major sources in six cities in India. Atmospheric Research, 132-133, 1–11. doi:10.1016/j.atmosres.2013.04.05",https://doi.org/10.1016/j.atmosres.2013.04.016
P25PD7C,Paved Road Dust,Cadmium,0.0077,0.0011,Inductively Coupled Plasma Atomic Emission Spectroscopy (ICP-AES),standard deviation,PM2.5,7,"Patil et al.,2013",India,Pune,2007,NIL,Dust samples were collected by sweeping  from 2 km x 2 km of grid near shoulders and kerb were collected for about 0.5 to 1 kg followed by sieving through 75 μm sieve.,,,7440-43-9,Cd,"Patil, R. S., Kumar, R., Menon, R., Shah, M. K., & Sethi, V. (2013). Development of particulate matter speciation profiles for major sources in six cities in India. Atmospheric Research, 132-133, 1–11. doi:10.1016/j.atmosres.2013.04.06",https://doi.org/10.1016/j.atmosres.2013.04.017
P25PD7C,Paved Road Dust,Cerium,0.0621,0.0261,Inductively Coupled Plasma Atomic Emission Spectroscopy (ICP-AES),standard deviation,PM2.5,7,"Patil et al.,2013",India,Pune,2007,NIL,Dust samples were collected by sweeping  from 2 km x 2 km of grid near shoulders and kerb were collected for about 0.5 to 1 kg followed by sieving through 75 μm sieve.,,,7440-45-1,Ce,"Patil, R. S., Kumar, R., Menon, R., Shah, M. K., & Sethi, V. (2013). Development of particulate matter speciation profiles for major sources in six cities in India. Atmospheric Research, 132-133, 1–11. doi:10.1016/j.atmosres.2013.04.07",https://doi.org/10.1016/j.atmosres.2013.04.018
P25PD7C,Paved Road Dust,Cobalt,0.0038,0.0027,Inductively Coupled Plasma Atomic Emission Spectroscopy (ICP-AES),standard deviation,PM2.5,7,"Patil et al.,2013",India,Pune,2007,NIL,Dust samples were collected by sweeping  from 2 km x 2 km of grid near shoulders and kerb were collected for about 0.5 to 1 kg followed by sieving through 75 μm sieve.,,,7440-48-4,Co,"Patil, R. S., Kumar, R., Menon, R., Shah, M. K., & Sethi, V. (2013). Development of particulate matter speciation profiles for major sources in six cities in India. Atmospheric Research, 132-133, 1–11. doi:10.1016/j.atmosres.2013.04.08",https://doi.org/10.1016/j.atmosres.2013.04.019
P25PD7C,Paved Road Dust,Chromium,0.1257,0.0097,Inductively Coupled Plasma Atomic Emission Spectroscopy (ICP-AES),standard deviation,PM2.5,7,"Patil et al.,2013",India,Pune,2007,NIL,Dust samples were collected by sweeping  from 2 km x 2 km of grid near shoulders and kerb were collected for about 0.5 to 1 kg followed by sieving through 75 μm sieve.,,,7440-47-3,Cr,"Patil, R. S., Kumar, R., Menon, R., Shah, M. K., & Sethi, V. (2013). Development of particulate matter speciation profiles for major sources in six cities in India. Atmospheric Research, 132-133, 1–11. doi:10.1016/j.atmosres.2013.04.09",https://doi.org/10.1016/j.atmosres.2013.04.020
P25PD7C,Paved Road Dust,Copper,0.0275,0.0028,Inductively Coupled Plasma Atomic Emission Spectroscopy (ICP-AES),standard deviation,PM2.5,7,"Patil et al.,2013",India,Pune,2007,NIL,Dust samples were collected by sweeping  from 2 km x 2 km of grid near shoulders and kerb were collected for about 0.5 to 1 kg followed by sieving through 75 μm sieve.,,,7440-50-8,Cu,"Patil, R. S., Kumar, R., Menon, R., Shah, M. K., & Sethi, V. (2013). Development of particulate matter speciation profiles for major sources in six cities in India. Atmospheric Research, 132-133, 1–11. doi:10.1016/j.atmosres.2013.04.10",https://doi.org/10.1016/j.atmosres.2013.04.021
P25PD7C,Paved Road Dust,Iron,6.5229,0.4628,Inductively Coupled Plasma Atomic Emission Spectroscopy (ICP-AES),standard deviation,PM2.5,7,"Patil et al.,2013",India,Pune,2007,NIL,Dust samples were collected by sweeping  from 2 km x 2 km of grid near shoulders and kerb were collected for about 0.5 to 1 kg followed by sieving through 75 μm sieve.,,,7439-89-6,Fe,"Patil, R. S., Kumar, R., Menon, R., Shah, M. K., & Sethi, V. (2013). Development of particulate matter speciation profiles for major sources in six cities in India. Atmospheric Research, 132-133, 1–11. doi:10.1016/j.atmosres.2013.04.11",https://doi.org/10.1016/j.atmosres.2013.04.022
P25PD7C,Paved Road Dust,Gallium,0.0237,0.0185,Inductively Coupled Plasma Atomic Emission Spectroscopy (ICP-AES),standard deviation,PM2.5,7,"Patil et al.,2013",India,Pune,2007,NIL,Dust samples were collected by sweeping  from 2 km x 2 km of grid near shoulders and kerb were collected for about 0.5 to 1 kg followed by sieving through 75 μm sieve.,,,7440-55-3,Ga,"Patil, R. S., Kumar, R., Menon, R., Shah, M. K., & Sethi, V. (2013). Development of particulate matter speciation profiles for major sources in six cities in India. Atmospheric Research, 132-133, 1–11. doi:10.1016/j.atmosres.2013.04.12",https://doi.org/10.1016/j.atmosres.2013.04.023
P25PD7C,Paved Road Dust,Hafnium,0.0045,0.0069,Inductively Coupled Plasma Atomic Emission Spectroscopy (ICP-AES),standard deviation,PM2.5,7,"Patil et al.,2013",India,Pune,2007,NIL,Dust samples were collected by sweeping  from 2 km x 2 km of grid near shoulders and kerb were collected for about 0.5 to 1 kg followed by sieving through 75 μm sieve.,,,7440-58-6,Hf,"Patil, R. S., Kumar, R., Menon, R., Shah, M. K., & Sethi, V. (2013). Development of particulate matter speciation profiles for major sources in six cities in India. Atmospheric Research, 132-133, 1–11. doi:10.1016/j.atmosres.2013.04.13",https://doi.org/10.1016/j.atmosres.2013.04.024
P25PD7C,Paved Road Dust,Mercury,0.012,0.0032,Inductively Coupled Plasma Atomic Emission Spectroscopy (ICP-AES),standard deviation,PM2.5,7,"Patil et al.,2013",India,Pune,2007,NIL,Dust samples were collected by sweeping  from 2 km x 2 km of grid near shoulders and kerb were collected for about 0.5 to 1 kg followed by sieving through 75 μm sieve.,,,7439-97-6,Hg,"Patil, R. S., Kumar, R., Menon, R., Shah, M. K., & Sethi, V. (2013). Development of particulate matter speciation profiles for major sources in six cities in India. Atmospheric Research, 132-133, 1–11. doi:10.1016/j.atmosres.2013.04.14",https://doi.org/10.1016/j.atmosres.2013.04.025
P25PD7C,Paved Road Dust,Indium,0.0587,0.0236,Inductively Coupled Plasma Atomic Emission Spectroscopy (ICP-AES),standard deviation,PM2.5,7,"Patil et al.,2013",India,Pune,2007,NIL,Dust samples were collected by sweeping  from 2 km x 2 km of grid near shoulders and kerb were collected for about 0.5 to 1 kg followed by sieving through 75 μm sieve.,,,7440-74-6,In,"Patil, R. S., Kumar, R., Menon, R., Shah, M. K., & Sethi, V. (2013). Development of particulate matter speciation profiles for major sources in six cities in India. Atmospheric Research, 132-133, 1–11. doi:10.1016/j.atmosres.2013.04.15",https://doi.org/10.1016/j.atmosres.2013.04.026
P25PD7C,Paved Road Dust,Potassium,0.4516,0.1097,Inductively Coupled Plasma Atomic Emission Spectroscopy (ICP-AES),standard deviation,PM2.5,7,"Patil et al.,2013",India,Pune,2007,NIL,Dust samples were collected by sweeping  from 2 km x 2 km of grid near shoulders and kerb were collected for about 0.5 to 1 kg followed by sieving through 75 μm sieve.,,,7440-74-7,K,"Patil, R. S., Kumar, R., Menon, R., Shah, M. K., & Sethi, V. (2013). Development of particulate matter speciation profiles for major sources in six cities in India. Atmospheric Research, 132-133, 1–11. doi:10.1016/j.atmosres.2013.04.16",https://doi.org/10.1016/j.atmosres.2013.04.027
P25PD7C,Paved Road Dust,Lutetium,0.0004,0.0003,Inductively Coupled Plasma Atomic Emission Spectroscopy (ICP-AES),standard deviation,PM2.5,7,"Patil et al.,2013",India,Pune,2007,NIL,Dust samples were collected by sweeping  from 2 km x 2 km of grid near shoulders and kerb were collected for about 0.5 to 1 kg followed by sieving through 75 μm sieve.,,,7440 09-7,Lu,"Patil, R. S., Kumar, R., Menon, R., Shah, M. K., & Sethi, V. (2013). Development of particulate matter speciation profiles for major sources in six cities in India. Atmospheric Research, 132-133, 1–11. doi:10.1016/j.atmosres.2013.04.17",https://doi.org/10.1016/j.atmosres.2013.04.028
P25PD7C,Paved Road Dust,Magnesium,1.3176,0.0944,Inductively Coupled Plasma Atomic Emission Spectroscopy (ICP-AES),standard deviation,PM2.5,7,"Patil et al.,2013",India,Pune,2007,NIL,Dust samples were collected by sweeping  from 2 km x 2 km of grid near shoulders and kerb were collected for about 0.5 to 1 kg followed by sieving through 75 μm sieve.,,,7439-95-4,Mg,"Patil, R. S., Kumar, R., Menon, R., Shah, M. K., & Sethi, V. (2013). Development of particulate matter speciation profiles for major sources in six cities in India. Atmospheric Research, 132-133, 1–11. doi:10.1016/j.atmosres.2013.04.18",https://doi.org/10.1016/j.atmosres.2013.04.029
P25PD7C,Paved Road Dust,Manganese,0.128,0.0093,Inductively Coupled Plasma Atomic Emission Spectroscopy (ICP-AES),standard deviation,PM2.5,7,"Patil et al.,2013",India,Pune,2007,NIL,Dust samples were collected by sweeping  from 2 km x 2 km of grid near shoulders and kerb were collected for about 0.5 to 1 kg followed by sieving through 75 μm sieve.,,,7439-96-5,Mn,"Patil, R. S., Kumar, R., Menon, R., Shah, M. K., & Sethi, V. (2013). Development of particulate matter speciation profiles for major sources in six cities in India. Atmospheric Research, 132-133, 1–11. doi:10.1016/j.atmosres.2013.04.19",https://doi.org/10.1016/j.atmosres.2013.04.030
P25PD7C,Paved Road Dust,Molybdenum,0.0067,0.0031,Inductively Coupled Plasma Atomic Emission Spectroscopy (ICP-AES),standard deviation,PM2.5,7,"Patil et al.,2013",India,Pune,2007,NIL,Dust samples were collected by sweeping  from 2 km x 2 km of grid near shoulders and kerb were collected for about 0.5 to 1 kg followed by sieving through 75 μm sieve.,,,7439-98-7,Mo,"Patil, R. S., Kumar, R., Menon, R., Shah, M. K., & Sethi, V. (2013). Development of particulate matter speciation profiles for major sources in six cities in India. Atmospheric Research, 132-133, 1–11. doi:10.1016/j.atmosres.2013.04.20",https://doi.org/10.1016/j.atmosres.2013.04.031
P25PD7C,Paved Road Dust,Sodium,0.5132,0.0459,Inductively Coupled Plasma Atomic Emission Spectroscopy (ICP-AES),standard deviation,PM2.5,7,"Patil et al.,2013",India,Pune,2007,NIL,Dust samples were collected by sweeping  from 2 km x 2 km of grid near shoulders and kerb were collected for about 0.5 to 1 kg followed by sieving through 75 μm sieve.,,,7440-23-5,Na,"Patil, R. S., Kumar, R., Menon, R., Shah, M. K., & Sethi, V. (2013). Development of particulate matter speciation profiles for major sources in six cities in India. Atmospheric Research, 132-133, 1–11. doi:10.1016/j.atmosres.2013.04.21",https://doi.org/10.1016/j.atmosres.2013.04.032
P25PD7C,Paved Road Dust,Nickel,0.0674,0.0212,Inductively Coupled Plasma Atomic Emission Spectroscopy (ICP-AES),standard deviation,PM2.5,7,"Patil et al.,2013",India,Pune,2007,NIL,Dust samples were collected by sweeping  from 2 km x 2 km of grid near shoulders and kerb were collected for about 0.5 to 1 kg followed by sieving through 75 μm sieve.,,,7440-02-0,Ni,"Patil, R. S., Kumar, R., Menon, R., Shah, M. K., & Sethi, V. (2013). Development of particulate matter speciation profiles for major sources in six cities in India. Atmospheric Research, 132-133, 1–11. doi:10.1016/j.atmosres.2013.04.22",https://doi.org/10.1016/j.atmosres.2013.04.033
P25PD7C,Paved Road Dust,Phosphorus,0.0709,0.0179,Inductively Coupled Plasma Atomic Emission Spectroscopy (ICP-AES),standard deviation,PM2.5,7,"Patil et al.,2013",India,Pune,2007,NIL,Dust samples were collected by sweeping  from 2 km x 2 km of grid near shoulders and kerb were collected for about 0.5 to 1 kg followed by sieving through 75 μm sieve.,,,7723-14-0,P,"Patil, R. S., Kumar, R., Menon, R., Shah, M. K., & Sethi, V. (2013). Development of particulate matter speciation profiles for major sources in six cities in India. Atmospheric Research, 132-133, 1–11. doi:10.1016/j.atmosres.2013.04.23",https://doi.org/10.1016/j.atmosres.2013.04.034
P25PD7C,Paved Road Dust,Lead,0.1844,0.0288,Inductively Coupled Plasma Atomic Emission Spectroscopy (ICP-AES),standard deviation,PM2.5,7,"Patil et al.,2013",India,Pune,2007,NIL,Dust samples were collected by sweeping  from 2 km x 2 km of grid near shoulders and kerb were collected for about 0.5 to 1 kg followed by sieving through 75 μm sieve.,,,7439-92-1,Pb,"Patil, R. S., Kumar, R., Menon, R., Shah, M. K., & Sethi, V. (2013). Development of particulate matter speciation profiles for major sources in six cities in India. Atmospheric Research, 132-133, 1–11. doi:10.1016/j.atmosres.2013.04.24",https://doi.org/10.1016/j.atmosres.2013.04.035
P25PD7C,Paved Road Dust,Palladium,0.0107,0.0097,Inductively Coupled Plasma Atomic Emission Spectroscopy (ICP-AES),standard deviation,PM2.5,7,"Patil et al.,2013",India,Pune,2007,NIL,Dust samples were collected by sweeping  from 2 km x 2 km of grid near shoulders and kerb were collected for about 0.5 to 1 kg followed by sieving through 75 μm sieve.,,,2023568,Pd,"Patil, R. S., Kumar, R., Menon, R., Shah, M. K., & Sethi, V. (2013). Development of particulate matter speciation profiles for major sources in six cities in India. Atmospheric Research, 132-133, 1–11. doi:10.1016/j.atmosres.2013.04.25",https://doi.org/10.1016/j.atmosres.2013.04.036
P25PD7C,Paved Road Dust,Antimony,0.0136,0.0098,Inductively Coupled Plasma Atomic Emission Spectroscopy (ICP-AES),standard deviation,PM2.5,7,"Patil et al.,2013",India,Pune,2007,NIL,Dust samples were collected by sweeping  from 2 km x 2 km of grid near shoulders and kerb were collected for about 0.5 to 1 kg followed by sieving through 75 μm sieve.,,,7440-36-0,Sb,"Patil, R. S., Kumar, R., Menon, R., Shah, M. K., & Sethi, V. (2013). Development of particulate matter speciation profiles for major sources in six cities in India. Atmospheric Research, 132-133, 1–11. doi:10.1016/j.atmosres.2013.04.26",https://doi.org/10.1016/j.atmosres.2013.04.037
P25PD7C,Paved Road Dust,Scandium,0.0007,0.0005,Inductively Coupled Plasma Atomic Emission Spectroscopy (ICP-AES),standard deviation,PM2.5,7,"Patil et al.,2013",India,Pune,2007,NIL,Dust samples were collected by sweeping  from 2 km x 2 km of grid near shoulders and kerb were collected for about 0.5 to 1 kg followed by sieving through 75 μm sieve.,,,7440-20-2,Sc,"Patil, R. S., Kumar, R., Menon, R., Shah, M. K., & Sethi, V. (2013). Development of particulate matter speciation profiles for major sources in six cities in India. Atmospheric Research, 132-133, 1–11. doi:10.1016/j.atmosres.2013.04.27",https://doi.org/10.1016/j.atmosres.2013.04.038
P25PD7C,Paved Road Dust,Selenium,0.0328,0.0102,Inductively Coupled Plasma Atomic Emission Spectroscopy (ICP-AES),standard deviation,PM2.5,7,"Patil et al.,2013",India,Pune,2007,NIL,Dust samples were collected by sweeping  from 2 km x 2 km of grid near shoulders and kerb were collected for about 0.5 to 1 kg followed by sieving through 75 μm sieve.,,,7782-49-2,Se,"Patil, R. S., Kumar, R., Menon, R., Shah, M. K., & Sethi, V. (2013). Development of particulate matter speciation profiles for major sources in six cities in India. Atmospheric Research, 132-133, 1–11. doi:10.1016/j.atmosres.2013.04.28",https://doi.org/10.1016/j.atmosres.2013.04.039
P25PD7C,Paved Road Dust,Silicon,1.4882,0.0118,Inductively Coupled Plasma Atomic Emission Spectroscopy (ICP-AES),standard deviation,PM2.5,7,"Patil et al.,2013",India,Pune,2007,NIL,Dust samples were collected by sweeping  from 2 km x 2 km of grid near shoulders and kerb were collected for about 0.5 to 1 kg followed by sieving through 75 μm sieve.,,,7440-21-3,Si,"Patil, R. S., Kumar, R., Menon, R., Shah, M. K., & Sethi, V. (2013). Development of particulate matter speciation profiles for major sources in six cities in India. Atmospheric Research, 132-133, 1–11. doi:10.1016/j.atmosres.2013.04.29",https://doi.org/10.1016/j.atmosres.2013.04.040
P25PD7C,Paved Road Dust,Samarium,0.0157,0.0112,Inductively Coupled Plasma Atomic Emission Spectroscopy (ICP-AES),standard deviation,PM2.5,7,"Patil et al.,2013",India,Pune,2007,NIL,Dust samples were collected by sweeping  from 2 km x 2 km of grid near shoulders and kerb were collected for about 0.5 to 1 kg followed by sieving through 75 μm sieve.,,,7440-19-9,Sm,"Patil, R. S., Kumar, R., Menon, R., Shah, M. K., & Sethi, V. (2013). Development of particulate matter speciation profiles for major sources in six cities in India. Atmospheric Research, 132-133, 1–11. doi:10.1016/j.atmosres.2013.04.30",https://doi.org/10.1016/j.atmosres.2013.04.041
P25PD7C,Paved Road Dust,Tin,0.1829,0.0166,Inductively Coupled Plasma Atomic Emission Spectroscopy (ICP-AES),standard deviation,PM2.5,7,"Patil et al.,2013",India,Pune,2007,NIL,Dust samples were collected by sweeping  from 2 km x 2 km of grid near shoulders and kerb were collected for about 0.5 to 1 kg followed by sieving through 75 μm sieve.,,,7440-31-5,Sn,"Patil, R. S., Kumar, R., Menon, R., Shah, M. K., & Sethi, V. (2013). Development of particulate matter speciation profiles for major sources in six cities in India. Atmospheric Research, 132-133, 1–11. doi:10.1016/j.atmosres.2013.04.31",https://doi.org/10.1016/j.atmosres.2013.04.042
P25PD7C,Paved Road Dust,Strontium,0.0207,0.0015,Inductively Coupled Plasma Atomic Emission Spectroscopy (ICP-AES),standard deviation,PM2.5,7,"Patil et al.,2013",India,Pune,2007,NIL,Dust samples were collected by sweeping  from 2 km x 2 km of grid near shoulders and kerb were collected for about 0.5 to 1 kg followed by sieving through 75 μm sieve.,,,7440-24-6,Sr,"Patil, R. S., Kumar, R., Menon, R., Shah, M. K., & Sethi, V. (2013). Development of particulate matter speciation profiles for major sources in six cities in India. Atmospheric Research, 132-133, 1–11. doi:10.1016/j.atmosres.2013.04.32",https://doi.org/10.1016/j.atmosres.2013.04.043
P25PD7C,Paved Road Dust,Thorium,0.0093,0.0037,Inductively Coupled Plasma Atomic Emission Spectroscopy (ICP-AES),standard deviation,PM2.5,7,"Patil et al.,2013",India,Pune,2007,NIL,Dust samples were collected by sweeping  from 2 km x 2 km of grid near shoulders and kerb were collected for about 0.5 to 1 kg followed by sieving through 75 μm sieve.,,,7440-29-1,Th,"Patil, R. S., Kumar, R., Menon, R., Shah, M. K., & Sethi, V. (2013). Development of particulate matter speciation profiles for major sources in six cities in India. Atmospheric Research, 132-133, 1–11. doi:10.1016/j.atmosres.2013.04.33",https://doi.org/10.1016/j.atmosres.2013.04.044
P25PD7C,Paved Road Dust,Titanium,0.3079,0.0222,Inductively Coupled Plasma Atomic Emission Spectroscopy (ICP-AES),standard deviation,PM2.5,7,"Patil et al.,2013",India,Pune,2007,NIL,Dust samples were collected by sweeping  from 2 km x 2 km of grid near shoulders and kerb were collected for about 0.5 to 1 kg followed by sieving through 75 μm sieve.,,,7440-32-6,Ti,"Patil, R. S., Kumar, R., Menon, R., Shah, M. K., & Sethi, V. (2013). Development of particulate matter speciation profiles for major sources in six cities in India. Atmospheric Research, 132-133, 1–11. doi:10.1016/j.atmosres.2013.04.34",https://doi.org/10.1016/j.atmosres.2013.04.045
P25PD7C,Paved Road Dust,Vanadium,0.0416,0.0072,Inductively Coupled Plasma Atomic Emission Spectroscopy (ICP-AES),standard deviation,PM2.5,7,"Patil et al.,2013",India,Pune,2007,NIL,Dust samples were collected by sweeping  from 2 km x 2 km of grid near shoulders and kerb were collected for about 0.5 to 1 kg followed by sieving through 75 μm sieve.,,,7440-62-2,V,"Patil, R. S., Kumar, R., Menon, R., Shah, M. K., & Sethi, V. (2013). Development of particulate matter speciation profiles for major sources in six cities in India. Atmospheric Research, 132-133, 1–11. doi:10.1016/j.atmosres.2013.04.35",https://doi.org/10.1016/j.atmosres.2013.04.046
P25PD7C,Paved Road Dust,Tungsten,0.0217,0.0156,Inductively Coupled Plasma Atomic Emission Spectroscopy (ICP-AES),standard deviation,PM2.5,7,"Patil et al.,2013",India,Pune,2007,NIL,Dust samples were collected by sweeping  from 2 km x 2 km of grid near shoulders and kerb were collected for about 0.5 to 1 kg followed by sieving through 75 μm sieve.,,,7440-33-7,W,"Patil, R. S., Kumar, R., Menon, R., Shah, M. K., & Sethi, V. (2013). Development of particulate matter speciation profiles for major sources in six cities in India. Atmospheric Research, 132-133, 1–11. doi:10.1016/j.atmosres.2013.04.36",https://doi.org/10.1016/j.atmosres.2013.04.047
P25PD7C,Paved Road Dust,Yttrium,0.0017,0.0008,Inductively Coupled Plasma Atomic Emission Spectroscopy (ICP-AES),standard deviation,PM2.5,7,"Patil et al.,2013",India,Pune,2007,NIL,Dust samples were collected by sweeping  from 2 km x 2 km of grid near shoulders and kerb were collected for about 0.5 to 1 kg followed by sieving through 75 μm sieve.,,,7440-65-5,Y,"Patil, R. S., Kumar, R., Menon, R., Shah, M. K., & Sethi, V. (2013). Development of particulate matter speciation profiles for major sources in six cities in India. Atmospheric Research, 132-133, 1–11. doi:10.1016/j.atmosres.2013.04.37",https://doi.org/10.1016/j.atmosres.2013.04.048
P25PD7C,Paved Road Dust,Zinc,0.094,0.0070,Inductively Coupled Plasma Atomic Emission Spectroscopy (ICP-AES),standard deviation,PM2.5,7,"Patil et al.,2013",India,Pune,2007,NIL,Dust samples were collected by sweeping  from 2 km x 2 km of grid near shoulders and kerb were collected for about 0.5 to 1 kg followed by sieving through 75 μm sieve.,,,7440-66-6,Zn,"Patil, R. S., Kumar, R., Menon, R., Shah, M. K., & Sethi, V. (2013). Development of particulate matter speciation profiles for major sources in six cities in India. Atmospheric Research, 132-133, 1–11. doi:10.1016/j.atmosres.2013.04.38",https://doi.org/10.1016/j.atmosres.2013.04.049
P25PD7C,Paved Road Dust,Zirconium,0.0065,0.0015,Inductively Coupled Plasma Atomic Emission Spectroscopy (ICP-AES),standard deviation,PM2.5,7,"Patil et al.,2013",India,Pune,2007,NIL,Dust samples were collected by sweeping  from 2 km x 2 km of grid near shoulders and kerb were collected for about 0.5 to 1 kg followed by sieving through 75 μm sieve.,,,7440-67-7,Zr,"Patil, R. S., Kumar, R., Menon, R., Shah, M. K., & Sethi, V. (2013). Development of particulate matter speciation profiles for major sources in six cities in India. Atmospheric Research, 132-133, 1–11. doi:10.1016/j.atmosres.2013.04.39",https://doi.org/10.1016/j.atmosres.2013.04.050
P25PD7C,Paved Road Dust,Flouride,0.6445,0.0496,"Ion Cromatograph Method (Metrohm, Model IC Basic 792)",standard deviation,PM2.5,7,"Patil et al.,2013",India,Pune,2007,NIL,Dust samples were collected by sweeping  from 2 km x 2 km of grid near shoulders and kerb were collected for about 0.5 to 1 kg followed by sieving through 75 μm sieve.,,,16984-48-8,F-,"Patil, R. S., Kumar, R., Menon, R., Shah, M. K., & Sethi, V. (2013). Development of particulate matter speciation profiles for major sources in six cities in India. Atmospheric Research, 132-133, 1–11. doi:10.1016/j.atmosres.2013.04.40",https://doi.org/10.1016/j.atmosres.2013.04.051
P25PD7C,Paved Road Dust,Chloride,0.4265,0.1514,"Ion Cromatograph Method (Metrohm, Model IC Basic 792)",standard deviation,PM2.5,7,"Patil et al.,2013",India,Pune,2007,NIL,Dust samples were collected by sweeping  from 2 km x 2 km of grid near shoulders and kerb were collected for about 0.5 to 1 kg followed by sieving through 75 μm sieve.,,,16887-00-6,Cl-,"Patil, R. S., Kumar, R., Menon, R., Shah, M. K., & Sethi, V. (2013). Development of particulate matter speciation profiles for major sources in six cities in India. Atmospheric Research, 132-133, 1–11. doi:10.1016/j.atmosres.2013.04.41",https://doi.org/10.1016/j.atmosres.2013.04.052
P25PD7C,Paved Road Dust,Nitrite,0.0424,0.0030,"Ion Cromatograph Method (Metrohm, Model IC Basic 792)",standard deviation,PM2.5,7,"Patil et al.,2013",India,Pune,2007,NIL,Dust samples were collected by sweeping  from 2 km x 2 km of grid near shoulders and kerb were collected for about 0.5 to 1 kg followed by sieving through 75 μm sieve.,,,14797-65-0,NO2-,"Patil, R. S., Kumar, R., Menon, R., Shah, M. K., & Sethi, V. (2013). Development of particulate matter speciation profiles for major sources in six cities in India. Atmospheric Research, 132-133, 1–11. doi:10.1016/j.atmosres.2013.04.42",https://doi.org/10.1016/j.atmosres.2013.04.053
P25PD7C,Paved Road Dust,Bromide,0.0216,0.0155,"Ion Cromatograph Method (Metrohm, Model IC Basic 792)",standard deviation,PM2.5,7,"Patil et al.,2013",India,Pune,2007,NIL,Dust samples were collected by sweeping  from 2 km x 2 km of grid near shoulders and kerb were collected for about 0.5 to 1 kg followed by sieving through 75 μm sieve.,,,24959-67-9,Br-,"Patil, R. S., Kumar, R., Menon, R., Shah, M. K., & Sethi, V. (2013). Development of particulate matter speciation profiles for major sources in six cities in India. Atmospheric Research, 132-133, 1–11. doi:10.1016/j.atmosres.2013.04.43",https://doi.org/10.1016/j.atmosres.2013.04.054
P25PD7C,Paved Road Dust,Nitrate,0.0424,0.0304,"Ion Cromatograph Method (Metrohm, Model IC Basic 792)",standard deviation,PM2.5,7,"Patil et al.,2013",India,Pune,2007,NIL,Dust samples were collected by sweeping  from 2 km x 2 km of grid near shoulders and kerb were collected for about 0.5 to 1 kg followed by sieving through 75 μm sieve.,,,14797-55-8,NO3-,"Patil, R. S., Kumar, R., Menon, R., Shah, M. K., & Sethi, V. (2013). Development of particulate matter speciation profiles for major sources in six cities in India. Atmospheric Research, 132-133, 1–11. doi:10.1016/j.atmosres.2013.04.44",https://doi.org/10.1016/j.atmosres.2013.04.055
P25PD7C,Paved Road Dust,Phosphate,0.0199,0.0143,"Ion Cromatograph Method (Metrohm, Model IC Basic 792)",standard deviation,PM2.5,7,"Patil et al.,2013",India,Pune,2007,NIL,Dust samples were collected by sweeping  from 2 km x 2 km of grid near shoulders and kerb were collected for about 0.5 to 1 kg followed by sieving through 75 μm sieve.,,,14265-44-2,PO4--,"Patil, R. S., Kumar, R., Menon, R., Shah, M. K., & Sethi, V. (2013). Development of particulate matter speciation profiles for major sources in six cities in India. Atmospheric Research, 132-133, 1–11. doi:10.1016/j.atmosres.2013.04.45",https://doi.org/10.1016/j.atmosres.2013.04.056
P25PD7C,Paved Road Dust,Sulfate,1.9764,0.1529,"Ion Cromatograph Method (Metrohm, Model IC Basic 792)",standard deviation,PM2.5,7,"Patil et al.,2013",India,Pune,2007,NIL,Dust samples were collected by sweeping  from 2 km x 2 km of grid near shoulders and kerb were collected for about 0.5 to 1 kg followed by sieving through 75 μm sieve.,,,14808-79-8,SO4--,"Patil, R. S., Kumar, R., Menon, R., Shah, M. K., & Sethi, V. (2013). Development of particulate matter speciation profiles for major sources in six cities in India. Atmospheric Research, 132-133, 1–11. doi:10.1016/j.atmosres.2013.04.46",https://doi.org/10.1016/j.atmosres.2013.04.057
P25PD7C,Paved Road Dust,Sodium ion,0.455,0.3268,"Ion Cromatograph Method (Metrohm, Model IC Basic 792)",standard deviation,PM2.5,7,"Patil et al.,2013",India,Pune,2007,NIL,Dust samples were collected by sweeping  from 2 km x 2 km of grid near shoulders and kerb were collected for about 0.5 to 1 kg followed by sieving through 75 μm sieve.,,,,Na+,"Patil, R. S., Kumar, R., Menon, R., Shah, M. K., & Sethi, V. (2013). Development of particulate matter speciation profiles for major sources in six cities in India. Atmospheric Research, 132-133, 1–11. doi:10.1016/j.atmosres.2013.04.47",https://doi.org/10.1016/j.atmosres.2013.04.058
P25PD7C,Paved Road Dust,Ammonium,0.1928,0.1385,"Ion Cromatograph Method (Metrohm, Model IC Basic 792)",standard deviation,PM2.5,7,"Patil et al.,2013",India,Pune,2007,NIL,Dust samples were collected by sweeping  from 2 km x 2 km of grid near shoulders and kerb were collected for about 0.5 to 1 kg followed by sieving through 75 μm sieve.,,,,NH4+,"Patil, R. S., Kumar, R., Menon, R., Shah, M. K., & Sethi, V. (2013). Development of particulate matter speciation profiles for major sources in six cities in India. Atmospheric Research, 132-133, 1–11. doi:10.1016/j.atmosres.2013.04.48",https://doi.org/10.1016/j.atmosres.2013.04.059
P25PD7C,Paved Road Dust,Soluble Potassium,0.3463,0.2488,"Ion Cromatograph Method (Metrohm, Model IC Basic 792)",standard deviation,PM2.5,7,"Patil et al.,2013",India,Pune,2007,NIL,Dust samples were collected by sweeping  from 2 km x 2 km of grid near shoulders and kerb were collected for about 0.5 to 1 kg followed by sieving through 75 μm sieve.,,,,K+,"Patil, R. S., Kumar, R., Menon, R., Shah, M. K., & Sethi, V. (2013). Development of particulate matter speciation profiles for major sources in six cities in India. Atmospheric Research, 132-133, 1–11. doi:10.1016/j.atmosres.2013.04.49",https://doi.org/10.1016/j.atmosres.2013.04.060
P25PD7C,Paved Road Dust,Soluble Calcium,3.2387,0.6218,"Ion Cromatograph Method (Metrohm, Model IC Basic 792)",standard deviation,PM2.5,7,"Patil et al.,2013",India,Pune,2007,NIL,Dust samples were collected by sweeping  from 2 km x 2 km of grid near shoulders and kerb were collected for about 0.5 to 1 kg followed by sieving through 75 μm sieve.,,,,Ca2+,"Patil, R. S., Kumar, R., Menon, R., Shah, M. K., & Sethi, V. (2013). Development of particulate matter speciation profiles for major sources in six cities in India. Atmospheric Research, 132-133, 1–11. doi:10.1016/j.atmosres.2013.04.50",https://doi.org/10.1016/j.atmosres.2013.04.061
P25PD7C,Paved Road Dust,Soluble Magnesium,0.1793,0.1272,"Ion Cromatograph Method (Metrohm, Model IC Basic 792)",standard deviation,PM2.5,7,"Patil et al.,2013",India,Pune,2007,NIL,Dust samples were collected by sweeping  from 2 km x 2 km of grid near shoulders and kerb were collected for about 0.5 to 1 kg followed by sieving through 75 μm sieve.,,,,Mg2+,"Patil, R. S., Kumar, R., Menon, R., Shah, M. K., & Sethi, V. (2013). Development of particulate matter speciation profiles for major sources in six cities in India. Atmospheric Research, 132-133, 1–11. doi:10.1016/j.atmosres.2013.04.51",https://doi.org/10.1016/j.atmosres.2013.04.062
P25PD7C,Paved Road Dust,OC1,0.5666,0.0283,"Thermal/Optical Carbon Analyzer (Model 2001, DRI)",standard deviation,PM2.5,7,"Patil et al.,2013",India,Pune,2007,NIL,Dust samples were collected by sweeping  from 2 km x 2 km of grid near shoulders and kerb were collected for about 0.5 to 1 kg followed by sieving through 75 μm sieve.,,,,,"Patil, R. S., Kumar, R., Menon, R., Shah, M. K., & Sethi, V. (2013). Development of particulate matter speciation profiles for major sources in six cities in India. Atmospheric Research, 132-133, 1–11. doi:10.1016/j.atmosres.2013.04.52",https://doi.org/10.1016/j.atmosres.2013.04.063
P25PD7C,Paved Road Dust,OC2,1.327,0.0664,"Thermal/Optical Carbon Analyzer (Model 2001, DRI)",standard deviation,PM2.5,7,"Patil et al.,2013",India,Pune,2007,NIL,Dust samples were collected by sweeping  from 2 km x 2 km of grid near shoulders and kerb were collected for about 0.5 to 1 kg followed by sieving through 75 μm sieve.,,,,,"Patil, R. S., Kumar, R., Menon, R., Shah, M. K., & Sethi, V. (2013). Development of particulate matter speciation profiles for major sources in six cities in India. Atmospheric Research, 132-133, 1–11. doi:10.1016/j.atmosres.2013.04.53",https://doi.org/10.1016/j.atmosres.2013.04.064
P25PD7C,Paved Road Dust,OC3,3.5575,0.1779,"Thermal/Optical Carbon Analyzer (Model 2001, DRI)",standard deviation,PM2.5,7,"Patil et al.,2013",India,Pune,2007,NIL,Dust samples were collected by sweeping  from 2 km x 2 km of grid near shoulders and kerb were collected for about 0.5 to 1 kg followed by sieving through 75 μm sieve.,,,,,"Patil, R. S., Kumar, R., Menon, R., Shah, M. K., & Sethi, V. (2013). Development of particulate matter speciation profiles for major sources in six cities in India. Atmospheric Research, 132-133, 1–11. doi:10.1016/j.atmosres.2013.04.54",https://doi.org/10.1016/j.atmosres.2013.04.065
P25PD7C,Paved Road Dust,OC4,2.9674,0.1484,"Thermal/Optical Carbon Analyzer (Model 2001, DRI)",standard deviation,PM2.5,7,"Patil et al.,2013",India,Pune,2007,NIL,Dust samples were collected by sweeping  from 2 km x 2 km of grid near shoulders and kerb were collected for about 0.5 to 1 kg followed by sieving through 75 μm sieve.,,,,,"Patil, R. S., Kumar, R., Menon, R., Shah, M. K., & Sethi, V. (2013). Development of particulate matter speciation profiles for major sources in six cities in India. Atmospheric Research, 132-133, 1–11. doi:10.1016/j.atmosres.2013.04.55",https://doi.org/10.1016/j.atmosres.2013.04.066
P25PD7C,Paved Road Dust,OP,0,0.0000,"Thermal/Optical Carbon Analyzer (Model 2001, DRI)",standard deviation,PM2.5,7,"Patil et al.,2013",India,Pune,2007,NIL,Dust samples were collected by sweeping  from 2 km x 2 km of grid near shoulders and kerb were collected for about 0.5 to 1 kg followed by sieving through 75 μm sieve.,,,,,"Patil, R. S., Kumar, R., Menon, R., Shah, M. K., & Sethi, V. (2013). Development of particulate matter speciation profiles for major sources in six cities in India. Atmospheric Research, 132-133, 1–11. doi:10.1016/j.atmosres.2013.04.56",https://doi.org/10.1016/j.atmosres.2013.04.067
P25PD7C,Paved Road Dust,EC1,1.4151,0.0708,"Thermal/Optical Carbon Analyzer (Model 2001, DRI)",standard deviation,PM2.5,7,"Patil et al.,2013",India,Pune,2007,NIL,Dust samples were collected by sweeping  from 2 km x 2 km of grid near shoulders and kerb were collected for about 0.5 to 1 kg followed by sieving through 75 μm sieve.,,,,,"Patil, R. S., Kumar, R., Menon, R., Shah, M. K., & Sethi, V. (2013). Development of particulate matter speciation profiles for major sources in six cities in India. Atmospheric Research, 132-133, 1–11. doi:10.1016/j.atmosres.2013.04.57",https://doi.org/10.1016/j.atmosres.2013.04.068
P25PD7C,Paved Road Dust,EC2,0.9801,0.0490,"Thermal/Optical Carbon Analyzer (Model 2001, DRI)",standard deviation,PM2.5,7,"Patil et al.,2013",India,Pune,2007,NIL,Dust samples were collected by sweeping  from 2 km x 2 km of grid near shoulders and kerb were collected for about 0.5 to 1 kg followed by sieving through 75 μm sieve.,,,,,"Patil, R. S., Kumar, R., Menon, R., Shah, M. K., & Sethi, V. (2013). Development of particulate matter speciation profiles for major sources in six cities in India. Atmospheric Research, 132-133, 1–11. doi:10.1016/j.atmosres.2013.04.58",https://doi.org/10.1016/j.atmosres.2013.04.069
P25PD7C,Paved Road Dust,EC3,0.156,0.0078,"Thermal/Optical Carbon Analyzer (Model 2001, DRI)",standard deviation,PM2.5,7,"Patil et al.,2013",India,Pune,2007,NIL,Dust samples were collected by sweeping  from 2 km x 2 km of grid near shoulders and kerb were collected for about 0.5 to 1 kg followed by sieving through 75 μm sieve.,,,,,"Patil, R. S., Kumar, R., Menon, R., Shah, M. K., & Sethi, V. (2013). Development of particulate matter speciation profiles for major sources in six cities in India. Atmospheric Research, 132-133, 1–11. doi:10.1016/j.atmosres.2013.04.59",https://doi.org/10.1016/j.atmosres.2013.04.070