Id,Name,Specie,Mass,Uncertainity,Analythical Method,Uncertainty Method,Particle Size,N Samples,Reference,Country,Place,Test Year,Control Method,Sampling Method,Latitude,Longitude,CAS Number,Symbol,Reference,Link,Other comments
B10FC3C,Fuel Oil Combustion in Boilers,Silver,0.0046,0.0044,Inductively Coupled Plasma Atomic Emission Spectroscopy (ICP-AES),standard deviation,PM10,3,"Patil et al.,2013",India,Banglore Milk Dairy,25-10-2007,NIL,Composite of 3 samples taken from the exhaust stack of an Industrial boiler  using an isokinetic sampling probe and a dilution chamber(1:08) for 60 min sampling duration,16.0527611,72.9865507,7440-22-4,Ag,"Patil, R. S., Kumar, R., Menon, R., Shah, M. K., & Sethi, V. (2013). Development of particulate matter speciation profiles for major sources in six cities in India. Atmospheric Research, 132-133, 1–11. doi:10.1016/j.atmosres.2013.04.01",https://doi.org/10.1016/j.atmosres.2013.04.012,Furnace oil combustion in the boiler to produce steam for pasteurization.Furnace oil (product code-3080-from Chennai petroleum corporation limited)
B10FC3C,Fuel Oil Combustion in Boilers,Aluminium,0.0045,0.0005,Inductively Coupled Plasma Atomic Emission Spectroscopy (ICP-AES),standard deviation,PM10,3,"Patil et al.,2013",India,Banglore Milk Dairy,25-10-2007,NIL,Composite of 3 samples taken from the exhaust stack of an Industrial boiler  using an isokinetic sampling probe and a dilution chamber(1:08) for 60 min sampling duration,16.0527611,72.9865507,7429-90-5,Al,"Patil, R. S., Kumar, R., Menon, R., Shah, M. K., & Sethi, V. (2013). Development of particulate matter speciation profiles for major sources in six cities in India. Atmospheric Research, 132-133, 1–11. doi:10.1016/j.atmosres.2013.04.02",https://doi.org/10.1016/j.atmosres.2013.04.013,Furnace oil combustion in the boiler to produce steam for pasteurization.Furnace oil (product code-3080-from Chennai petroleum corporation limited)
B10FC3C,Fuel Oil Combustion in Boilers,Arsenic,0.0241,0.0052,Inductively Coupled Plasma Atomic Emission Spectroscopy (ICP-AES),standard deviation,PM10,3,"Patil et al.,2013",India,Banglore Milk Dairy,25-10-2007,NIL,Composite of 3 samples taken from the exhaust stack of an Industrial boiler  using an isokinetic sampling probe and a dilution chamber(1:08) for 60 min sampling duration,16.0527611,72.9865507,7440-38-2,As,"Patil, R. S., Kumar, R., Menon, R., Shah, M. K., & Sethi, V. (2013). Development of particulate matter speciation profiles for major sources in six cities in India. Atmospheric Research, 132-133, 1–11. doi:10.1016/j.atmosres.2013.04.03",https://doi.org/10.1016/j.atmosres.2013.04.014,Furnace oil combustion in the boiler to produce steam for pasteurization.Furnace oil (product code-3080-from Chennai petroleum corporation limited)
B10FC3C,Fuel Oil Combustion in Boilers,Barium,0.0001,0.0001,Inductively Coupled Plasma Atomic Emission Spectroscopy (ICP-AES),standard deviation,PM10,3,"Patil et al.,2013",India,Banglore Milk Dairy,25-10-2007,NIL,Composite of 3 samples taken from the exhaust stack of an Industrial boiler  using an isokinetic sampling probe and a dilution chamber(1:08) for 60 min sampling duration,16.0527611,72.9865507,7440-39-3,Ba,"Patil, R. S., Kumar, R., Menon, R., Shah, M. K., & Sethi, V. (2013). Development of particulate matter speciation profiles for major sources in six cities in India. Atmospheric Research, 132-133, 1–11. doi:10.1016/j.atmosres.2013.04.04",https://doi.org/10.1016/j.atmosres.2013.04.015,Furnace oil combustion in the boiler to produce steam for pasteurization.Furnace oil (product code-3080-from Chennai petroleum corporation limited)
B10FC3C,Fuel Oil Combustion in Boilers,Calcium,0.2142,0.0159,Inductively Coupled Plasma Atomic Emission Spectroscopy (ICP-AES),standard deviation,PM10,3,"Patil et al.,2013",India,Banglore Milk Dairy,25-10-2007,NIL,Composite of 3 samples taken from the exhaust stack of an Industrial boiler  using an isokinetic sampling probe and a dilution chamber(1:08) for 60 min sampling duration,16.0527611,72.9865507,7440-70-2,Ca,"Patil, R. S., Kumar, R., Menon, R., Shah, M. K., & Sethi, V. (2013). Development of particulate matter speciation profiles for major sources in six cities in India. Atmospheric Research, 132-133, 1–11. doi:10.1016/j.atmosres.2013.04.05",https://doi.org/10.1016/j.atmosres.2013.04.016,Furnace oil combustion in the boiler to produce steam for pasteurization.Furnace oil (product code-3080-from Chennai petroleum corporation limited)
B10FC3C,Fuel Oil Combustion in Boilers,Cadmium,0.0029,0.0004,Inductively Coupled Plasma Atomic Emission Spectroscopy (ICP-AES),standard deviation,PM10,3,"Patil et al.,2013",India,Banglore Milk Dairy,25-10-2007,NIL,Composite of 3 samples taken from the exhaust stack of an Industrial boiler  using an isokinetic sampling probe and a dilution chamber(1:08) for 60 min sampling duration,16.0527611,72.9865507,7440-43-9,Cd,"Patil, R. S., Kumar, R., Menon, R., Shah, M. K., & Sethi, V. (2013). Development of particulate matter speciation profiles for major sources in six cities in India. Atmospheric Research, 132-133, 1–11. doi:10.1016/j.atmosres.2013.04.06",https://doi.org/10.1016/j.atmosres.2013.04.017,Furnace oil combustion in the boiler to produce steam for pasteurization.Furnace oil (product code-3080-from Chennai petroleum corporation limited)
B10FC3C,Fuel Oil Combustion in Boilers,Cerium,0.0137,0.0099,Inductively Coupled Plasma Atomic Emission Spectroscopy (ICP-AES),standard deviation,PM10,3,"Patil et al.,2013",India,Banglore Milk Dairy,25-10-2007,NIL,Composite of 3 samples taken from the exhaust stack of an Industrial boiler  using an isokinetic sampling probe and a dilution chamber(1:08) for 60 min sampling duration,16.0527611,72.9865507,7440-45-1,Ce,"Patil, R. S., Kumar, R., Menon, R., Shah, M. K., & Sethi, V. (2013). Development of particulate matter speciation profiles for major sources in six cities in India. Atmospheric Research, 132-133, 1–11. doi:10.1016/j.atmosres.2013.04.07",https://doi.org/10.1016/j.atmosres.2013.04.018,Furnace oil combustion in the boiler to produce steam for pasteurization.Furnace oil (product code-3080-from Chennai petroleum corporation limited)
B10FC3C,Fuel Oil Combustion in Boilers,Cobalt,0.0015,0.0011,Inductively Coupled Plasma Atomic Emission Spectroscopy (ICP-AES),standard deviation,PM10,3,"Patil et al.,2013",India,Banglore Milk Dairy,25-10-2007,NIL,Composite of 3 samples taken from the exhaust stack of an Industrial boiler  using an isokinetic sampling probe and a dilution chamber(1:08) for 60 min sampling duration,16.0527611,72.9865507,7440-48-4,Co,"Patil, R. S., Kumar, R., Menon, R., Shah, M. K., & Sethi, V. (2013). Development of particulate matter speciation profiles for major sources in six cities in India. Atmospheric Research, 132-133, 1–11. doi:10.1016/j.atmosres.2013.04.08",https://doi.org/10.1016/j.atmosres.2013.04.019,Furnace oil combustion in the boiler to produce steam for pasteurization.Furnace oil (product code-3080-from Chennai petroleum corporation limited)
B10FC3C,Fuel Oil Combustion in Boilers,Chromium,0.0006,0.0004,Inductively Coupled Plasma Atomic Emission Spectroscopy (ICP-AES),standard deviation,PM10,3,"Patil et al.,2013",India,Banglore Milk Dairy,25-10-2007,NIL,Composite of 3 samples taken from the exhaust stack of an Industrial boiler  using an isokinetic sampling probe and a dilution chamber(1:08) for 60 min sampling duration,16.0527611,72.9865507,7440-47-3,Cr,"Patil, R. S., Kumar, R., Menon, R., Shah, M. K., & Sethi, V. (2013). Development of particulate matter speciation profiles for major sources in six cities in India. Atmospheric Research, 132-133, 1–11. doi:10.1016/j.atmosres.2013.04.09",https://doi.org/10.1016/j.atmosres.2013.04.020,Furnace oil combustion in the boiler to produce steam for pasteurization.Furnace oil (product code-3080-from Chennai petroleum corporation limited)
B10FC3C,Fuel Oil Combustion in Boilers,Copper,0.0017,0.0005,Inductively Coupled Plasma Atomic Emission Spectroscopy (ICP-AES),standard deviation,PM10,3,"Patil et al.,2013",India,Banglore Milk Dairy,25-10-2007,NIL,Composite of 3 samples taken from the exhaust stack of an Industrial boiler  using an isokinetic sampling probe and a dilution chamber(1:08) for 60 min sampling duration,16.0527611,72.9865507,7440-50-8,Cu,"Patil, R. S., Kumar, R., Menon, R., Shah, M. K., & Sethi, V. (2013). Development of particulate matter speciation profiles for major sources in six cities in India. Atmospheric Research, 132-133, 1–11. doi:10.1016/j.atmosres.2013.04.10",https://doi.org/10.1016/j.atmosres.2013.04.021,Furnace oil combustion in the boiler to produce steam for pasteurization.Furnace oil (product code-3080-from Chennai petroleum corporation limited)
B10FC3C,Fuel Oil Combustion in Boilers,Iron,0.069,0.0057,Inductively Coupled Plasma Atomic Emission Spectroscopy (ICP-AES),standard deviation,PM10,3,"Patil et al.,2013",India,Banglore Milk Dairy,25-10-2007,NIL,Composite of 3 samples taken from the exhaust stack of an Industrial boiler  using an isokinetic sampling probe and a dilution chamber(1:08) for 60 min sampling duration,16.0527611,72.9865507,7439-89-6,Fe,"Patil, R. S., Kumar, R., Menon, R., Shah, M. K., & Sethi, V. (2013). Development of particulate matter speciation profiles for major sources in six cities in India. Atmospheric Research, 132-133, 1–11. doi:10.1016/j.atmosres.2013.04.11",https://doi.org/10.1016/j.atmosres.2013.04.022,Furnace oil combustion in the boiler to produce steam for pasteurization.Furnace oil (product code-3080-from Chennai petroleum corporation limited)
B10FC3C,Fuel Oil Combustion in Boilers,Gallium,0.0033,0.0072,Inductively Coupled Plasma Atomic Emission Spectroscopy (ICP-AES),standard deviation,PM10,3,"Patil et al.,2013",India,Banglore Milk Dairy,25-10-2007,NIL,Composite of 3 samples taken from the exhaust stack of an Industrial boiler  using an isokinetic sampling probe and a dilution chamber(1:08) for 60 min sampling duration,16.0527611,72.9865507,7440-55-3,Ga,"Patil, R. S., Kumar, R., Menon, R., Shah, M. K., & Sethi, V. (2013). Development of particulate matter speciation profiles for major sources in six cities in India. Atmospheric Research, 132-133, 1–11. doi:10.1016/j.atmosres.2013.04.12",https://doi.org/10.1016/j.atmosres.2013.04.023,Furnace oil combustion in the boiler to produce steam for pasteurization.Furnace oil (product code-3080-from Chennai petroleum corporation limited)
B10FC3C,Fuel Oil Combustion in Boilers,Hafnium,0.0091,0.0032,Inductively Coupled Plasma Atomic Emission Spectroscopy (ICP-AES),standard deviation,PM10,3,"Patil et al.,2013",India,Banglore Milk Dairy,25-10-2007,NIL,Composite of 3 samples taken from the exhaust stack of an Industrial boiler  using an isokinetic sampling probe and a dilution chamber(1:08) for 60 min sampling duration,16.0527611,72.9865507,7440-58-6,Hf,"Patil, R. S., Kumar, R., Menon, R., Shah, M. K., & Sethi, V. (2013). Development of particulate matter speciation profiles for major sources in six cities in India. Atmospheric Research, 132-133, 1–11. doi:10.1016/j.atmosres.2013.04.13",https://doi.org/10.1016/j.atmosres.2013.04.024,Furnace oil combustion in the boiler to produce steam for pasteurization.Furnace oil (product code-3080-from Chennai petroleum corporation limited)
B10FC3C,Fuel Oil Combustion in Boilers,Mercury,0.0015,0.0011,Inductively Coupled Plasma Atomic Emission Spectroscopy (ICP-AES),standard deviation,PM10,3,"Patil et al.,2013",India,Banglore Milk Dairy,25-10-2007,NIL,Composite of 3 samples taken from the exhaust stack of an Industrial boiler  using an isokinetic sampling probe and a dilution chamber(1:08) for 60 min sampling duration,16.0527611,72.9865507,7439-97-6,Hg,"Patil, R. S., Kumar, R., Menon, R., Shah, M. K., & Sethi, V. (2013). Development of particulate matter speciation profiles for major sources in six cities in India. Atmospheric Research, 132-133, 1–11. doi:10.1016/j.atmosres.2013.04.14",https://doi.org/10.1016/j.atmosres.2013.04.025,Furnace oil combustion in the boiler to produce steam for pasteurization.Furnace oil (product code-3080-from Chennai petroleum corporation limited)
B10FC3C,Fuel Oil Combustion in Boilers,Indium,0.0166,0.0091,Inductively Coupled Plasma Atomic Emission Spectroscopy (ICP-AES),standard deviation,PM10,3,"Patil et al.,2013",India,Banglore Milk Dairy,25-10-2007,NIL,Composite of 3 samples taken from the exhaust stack of an Industrial boiler  using an isokinetic sampling probe and a dilution chamber(1:08) for 60 min sampling duration,16.0527611,72.9865507,7440-74-6,In,"Patil, R. S., Kumar, R., Menon, R., Shah, M. K., & Sethi, V. (2013). Development of particulate matter speciation profiles for major sources in six cities in India. Atmospheric Research, 132-133, 1–11. doi:10.1016/j.atmosres.2013.04.15",https://doi.org/10.1016/j.atmosres.2013.04.026,Furnace oil combustion in the boiler to produce steam for pasteurization.Furnace oil (product code-3080-from Chennai petroleum corporation limited)
B10FC3C,Fuel Oil Combustion in Boilers,Potassium,0.0533,0.0371,Inductively Coupled Plasma Atomic Emission Spectroscopy (ICP-AES),standard deviation,PM10,3,"Patil et al.,2013",India,Banglore Milk Dairy,25-10-2007,NIL,Composite of 3 samples taken from the exhaust stack of an Industrial boiler  using an isokinetic sampling probe and a dilution chamber(1:08) for 60 min sampling duration,16.0527611,72.9865507,7440-74-7,K,"Patil, R. S., Kumar, R., Menon, R., Shah, M. K., & Sethi, V. (2013). Development of particulate matter speciation profiles for major sources in six cities in India. Atmospheric Research, 132-133, 1–11. doi:10.1016/j.atmosres.2013.04.16",https://doi.org/10.1016/j.atmosres.2013.04.027,Furnace oil combustion in the boiler to produce steam for pasteurization.Furnace oil (product code-3080-from Chennai petroleum corporation limited)
B10FC3C,Fuel Oil Combustion in Boilers,Lutetium,0.0002,0.0001,Inductively Coupled Plasma Atomic Emission Spectroscopy (ICP-AES),standard deviation,PM10,3,"Patil et al.,2013",India,Banglore Milk Dairy,25-10-2007,NIL,Composite of 3 samples taken from the exhaust stack of an Industrial boiler  using an isokinetic sampling probe and a dilution chamber(1:08) for 60 min sampling duration,16.0527611,72.9865507,7440 09-7,Lu,"Patil, R. S., Kumar, R., Menon, R., Shah, M. K., & Sethi, V. (2013). Development of particulate matter speciation profiles for major sources in six cities in India. Atmospheric Research, 132-133, 1–11. doi:10.1016/j.atmosres.2013.04.17",https://doi.org/10.1016/j.atmosres.2013.04.028,Furnace oil combustion in the boiler to produce steam for pasteurization.Furnace oil (product code-3080-from Chennai petroleum corporation limited)
B10FC3C,Fuel Oil Combustion in Boilers,Magnesium,0.0318,0.0028,Inductively Coupled Plasma Atomic Emission Spectroscopy (ICP-AES),standard deviation,PM10,3,"Patil et al.,2013",India,Banglore Milk Dairy,25-10-2007,NIL,Composite of 3 samples taken from the exhaust stack of an Industrial boiler  using an isokinetic sampling probe and a dilution chamber(1:08) for 60 min sampling duration,16.0527611,72.9865507,7439-95-4,Mg,"Patil, R. S., Kumar, R., Menon, R., Shah, M. K., & Sethi, V. (2013). Development of particulate matter speciation profiles for major sources in six cities in India. Atmospheric Research, 132-133, 1–11. doi:10.1016/j.atmosres.2013.04.18",https://doi.org/10.1016/j.atmosres.2013.04.029,Furnace oil combustion in the boiler to produce steam for pasteurization.Furnace oil (product code-3080-from Chennai petroleum corporation limited)
B10FC3C,Fuel Oil Combustion in Boilers,Manganese,0.0012,0.0002,Inductively Coupled Plasma Atomic Emission Spectroscopy (ICP-AES),standard deviation,PM10,3,"Patil et al.,2013",India,Banglore Milk Dairy,25-10-2007,NIL,Composite of 3 samples taken from the exhaust stack of an Industrial boiler  using an isokinetic sampling probe and a dilution chamber(1:08) for 60 min sampling duration,16.0527611,72.9865507,7439-96-5,Mn,"Patil, R. S., Kumar, R., Menon, R., Shah, M. K., & Sethi, V. (2013). Development of particulate matter speciation profiles for major sources in six cities in India. Atmospheric Research, 132-133, 1–11. doi:10.1016/j.atmosres.2013.04.19",https://doi.org/10.1016/j.atmosres.2013.04.030,Furnace oil combustion in the boiler to produce steam for pasteurization.Furnace oil (product code-3080-from Chennai petroleum corporation limited)
B10FC3C,Fuel Oil Combustion in Boilers,Molybdenum,0.0078,0.0016,Inductively Coupled Plasma Atomic Emission Spectroscopy (ICP-AES),standard deviation,PM10,3,"Patil et al.,2013",India,Banglore Milk Dairy,25-10-2007,NIL,Composite of 3 samples taken from the exhaust stack of an Industrial boiler  using an isokinetic sampling probe and a dilution chamber(1:08) for 60 min sampling duration,16.0527611,72.9865507,7439-98-7,Mo,"Patil, R. S., Kumar, R., Menon, R., Shah, M. K., & Sethi, V. (2013). Development of particulate matter speciation profiles for major sources in six cities in India. Atmospheric Research, 132-133, 1–11. doi:10.1016/j.atmosres.2013.04.20",https://doi.org/10.1016/j.atmosres.2013.04.031,Furnace oil combustion in the boiler to produce steam for pasteurization.Furnace oil (product code-3080-from Chennai petroleum corporation limited)
B10FC3C,Fuel Oil Combustion in Boilers,Sodium,0.2345,0.0204,Inductively Coupled Plasma Atomic Emission Spectroscopy (ICP-AES),standard deviation,PM10,3,"Patil et al.,2013",India,Banglore Milk Dairy,25-10-2007,NIL,Composite of 3 samples taken from the exhaust stack of an Industrial boiler  using an isokinetic sampling probe and a dilution chamber(1:08) for 60 min sampling duration,16.0527611,72.9865507,7440-23-5,Na,"Patil, R. S., Kumar, R., Menon, R., Shah, M. K., & Sethi, V. (2013). Development of particulate matter speciation profiles for major sources in six cities in India. Atmospheric Research, 132-133, 1–11. doi:10.1016/j.atmosres.2013.04.21",https://doi.org/10.1016/j.atmosres.2013.04.032,Furnace oil combustion in the boiler to produce steam for pasteurization.Furnace oil (product code-3080-from Chennai petroleum corporation limited)
B10FC3C,Fuel Oil Combustion in Boilers,Nickel,0.2989,0.0266,Inductively Coupled Plasma Atomic Emission Spectroscopy (ICP-AES),standard deviation,PM10,3,"Patil et al.,2013",India,Banglore Milk Dairy,25-10-2007,NIL,Composite of 3 samples taken from the exhaust stack of an Industrial boiler  using an isokinetic sampling probe and a dilution chamber(1:08) for 60 min sampling duration,16.0527611,72.9865507,7440-02-0,Ni,"Patil, R. S., Kumar, R., Menon, R., Shah, M. K., & Sethi, V. (2013). Development of particulate matter speciation profiles for major sources in six cities in India. Atmospheric Research, 132-133, 1–11. doi:10.1016/j.atmosres.2013.04.22",https://doi.org/10.1016/j.atmosres.2013.04.033,Furnace oil combustion in the boiler to produce steam for pasteurization.Furnace oil (product code-3080-from Chennai petroleum corporation limited)
B10FC3C,Fuel Oil Combustion in Boilers,Phosphorus,0.0172,0.0065,Inductively Coupled Plasma Atomic Emission Spectroscopy (ICP-AES),standard deviation,PM10,3,"Patil et al.,2013",India,Banglore Milk Dairy,25-10-2007,NIL,Composite of 3 samples taken from the exhaust stack of an Industrial boiler  using an isokinetic sampling probe and a dilution chamber(1:08) for 60 min sampling duration,16.0527611,72.9865507,7723-14-0,P,"Patil, R. S., Kumar, R., Menon, R., Shah, M. K., & Sethi, V. (2013). Development of particulate matter speciation profiles for major sources in six cities in India. Atmospheric Research, 132-133, 1–11. doi:10.1016/j.atmosres.2013.04.23",https://doi.org/10.1016/j.atmosres.2013.04.034,Furnace oil combustion in the boiler to produce steam for pasteurization.Furnace oil (product code-3080-from Chennai petroleum corporation limited)
B10FC3C,Fuel Oil Combustion in Boilers,Lead,0.0103,0.0074,Inductively Coupled Plasma Atomic Emission Spectroscopy (ICP-AES),standard deviation,PM10,3,"Patil et al.,2013",India,Banglore Milk Dairy,25-10-2007,NIL,Composite of 3 samples taken from the exhaust stack of an Industrial boiler  using an isokinetic sampling probe and a dilution chamber(1:08) for 60 min sampling duration,16.0527611,72.9865507,7439-92-1,Pb,"Patil, R. S., Kumar, R., Menon, R., Shah, M. K., & Sethi, V. (2013). Development of particulate matter speciation profiles for major sources in six cities in India. Atmospheric Research, 132-133, 1–11. doi:10.1016/j.atmosres.2013.04.24",https://doi.org/10.1016/j.atmosres.2013.04.035,Furnace oil combustion in the boiler to produce steam for pasteurization.Furnace oil (product code-3080-from Chennai petroleum corporation limited)
B10FC3C,Fuel Oil Combustion in Boilers,Palladium,0.0057,0.0040,Inductively Coupled Plasma Atomic Emission Spectroscopy (ICP-AES),standard deviation,PM10,3,"Patil et al.,2013",India,Banglore Milk Dairy,25-10-2007,NIL,Composite of 3 samples taken from the exhaust stack of an Industrial boiler  using an isokinetic sampling probe and a dilution chamber(1:08) for 60 min sampling duration,16.0527611,72.9865507,2023568,Pd,"Patil, R. S., Kumar, R., Menon, R., Shah, M. K., & Sethi, V. (2013). Development of particulate matter speciation profiles for major sources in six cities in India. Atmospheric Research, 132-133, 1–11. doi:10.1016/j.atmosres.2013.04.25",https://doi.org/10.1016/j.atmosres.2013.04.036,Furnace oil combustion in the boiler to produce steam for pasteurization.Furnace oil (product code-3080-from Chennai petroleum corporation limited)
B10FC3C,Fuel Oil Combustion in Boilers,Antimony,0.0098,0.0042,Inductively Coupled Plasma Atomic Emission Spectroscopy (ICP-AES),standard deviation,PM10,3,"Patil et al.,2013",India,Banglore Milk Dairy,25-10-2007,NIL,Composite of 3 samples taken from the exhaust stack of an Industrial boiler  using an isokinetic sampling probe and a dilution chamber(1:08) for 60 min sampling duration,16.0527611,72.9865507,7440-36-0,Sb,"Patil, R. S., Kumar, R., Menon, R., Shah, M. K., & Sethi, V. (2013). Development of particulate matter speciation profiles for major sources in six cities in India. Atmospheric Research, 132-133, 1–11. doi:10.1016/j.atmosres.2013.04.26",https://doi.org/10.1016/j.atmosres.2013.04.037,Furnace oil combustion in the boiler to produce steam for pasteurization.Furnace oil (product code-3080-from Chennai petroleum corporation limited)
B10FC3C,Fuel Oil Combustion in Boilers,Scandium,0.0003,0.0002,Inductively Coupled Plasma Atomic Emission Spectroscopy (ICP-AES),standard deviation,PM10,3,"Patil et al.,2013",India,Banglore Milk Dairy,25-10-2007,NIL,Composite of 3 samples taken from the exhaust stack of an Industrial boiler  using an isokinetic sampling probe and a dilution chamber(1:08) for 60 min sampling duration,16.0527611,72.9865507,7440-20-2,Sc,"Patil, R. S., Kumar, R., Menon, R., Shah, M. K., & Sethi, V. (2013). Development of particulate matter speciation profiles for major sources in six cities in India. Atmospheric Research, 132-133, 1–11. doi:10.1016/j.atmosres.2013.04.27",https://doi.org/10.1016/j.atmosres.2013.04.038,Furnace oil combustion in the boiler to produce steam for pasteurization.Furnace oil (product code-3080-from Chennai petroleum corporation limited)
B10FC3C,Fuel Oil Combustion in Boilers,Selenium,0.0193,0.0045,Inductively Coupled Plasma Atomic Emission Spectroscopy (ICP-AES),standard deviation,PM10,3,"Patil et al.,2013",India,Banglore Milk Dairy,25-10-2007,NIL,Composite of 3 samples taken from the exhaust stack of an Industrial boiler  using an isokinetic sampling probe and a dilution chamber(1:08) for 60 min sampling duration,16.0527611,72.9865507,7782-49-2,Se,"Patil, R. S., Kumar, R., Menon, R., Shah, M. K., & Sethi, V. (2013). Development of particulate matter speciation profiles for major sources in six cities in India. Atmospheric Research, 132-133, 1–11. doi:10.1016/j.atmosres.2013.04.28",https://doi.org/10.1016/j.atmosres.2013.04.039,Furnace oil combustion in the boiler to produce steam for pasteurization.Furnace oil (product code-3080-from Chennai petroleum corporation limited)
B10FC3C,Fuel Oil Combustion in Boilers,Silicon,0.0565,0.0058,Inductively Coupled Plasma Atomic Emission Spectroscopy (ICP-AES),standard deviation,PM10,3,"Patil et al.,2013",India,Banglore Milk Dairy,25-10-2007,NIL,Composite of 3 samples taken from the exhaust stack of an Industrial boiler  using an isokinetic sampling probe and a dilution chamber(1:08) for 60 min sampling duration,16.0527611,72.9865507,7440-21-3,Si,"Patil, R. S., Kumar, R., Menon, R., Shah, M. K., & Sethi, V. (2013). Development of particulate matter speciation profiles for major sources in six cities in India. Atmospheric Research, 132-133, 1–11. doi:10.1016/j.atmosres.2013.04.29",https://doi.org/10.1016/j.atmosres.2013.04.040,Furnace oil combustion in the boiler to produce steam for pasteurization.Furnace oil (product code-3080-from Chennai petroleum corporation limited)
B10FC3C,Fuel Oil Combustion in Boilers,Samarium,0.0063,0.0046,Inductively Coupled Plasma Atomic Emission Spectroscopy (ICP-AES),standard deviation,PM10,3,"Patil et al.,2013",India,Banglore Milk Dairy,25-10-2007,NIL,Composite of 3 samples taken from the exhaust stack of an Industrial boiler  using an isokinetic sampling probe and a dilution chamber(1:08) for 60 min sampling duration,16.0527611,72.9865507,7440-19-9,Sm,"Patil, R. S., Kumar, R., Menon, R., Shah, M. K., & Sethi, V. (2013). Development of particulate matter speciation profiles for major sources in six cities in India. Atmospheric Research, 132-133, 1–11. doi:10.1016/j.atmosres.2013.04.30",https://doi.org/10.1016/j.atmosres.2013.04.041,Furnace oil combustion in the boiler to produce steam for pasteurization.Furnace oil (product code-3080-from Chennai petroleum corporation limited)
B10FC3C,Fuel Oil Combustion in Boilers,Tin,0.0247,0.0034,Inductively Coupled Plasma Atomic Emission Spectroscopy (ICP-AES),standard deviation,PM10,3,"Patil et al.,2013",India,Banglore Milk Dairy,25-10-2007,NIL,Composite of 3 samples taken from the exhaust stack of an Industrial boiler  using an isokinetic sampling probe and a dilution chamber(1:08) for 60 min sampling duration,16.0527611,72.9865507,7440-31-5,Sn,"Patil, R. S., Kumar, R., Menon, R., Shah, M. K., & Sethi, V. (2013). Development of particulate matter speciation profiles for major sources in six cities in India. Atmospheric Research, 132-133, 1–11. doi:10.1016/j.atmosres.2013.04.31",https://doi.org/10.1016/j.atmosres.2013.04.042,Furnace oil combustion in the boiler to produce steam for pasteurization.Furnace oil (product code-3080-from Chennai petroleum corporation limited)
B10FC3C,Fuel Oil Combustion in Boilers,Strontium,0.0007,0.0001,Inductively Coupled Plasma Atomic Emission Spectroscopy (ICP-AES),standard deviation,PM10,3,"Patil et al.,2013",India,Banglore Milk Dairy,25-10-2007,NIL,Composite of 3 samples taken from the exhaust stack of an Industrial boiler  using an isokinetic sampling probe and a dilution chamber(1:08) for 60 min sampling duration,16.0527611,72.9865507,7440-24-6,Sr,"Patil, R. S., Kumar, R., Menon, R., Shah, M. K., & Sethi, V. (2013). Development of particulate matter speciation profiles for major sources in six cities in India. Atmospheric Research, 132-133, 1–11. doi:10.1016/j.atmosres.2013.04.32",https://doi.org/10.1016/j.atmosres.2013.04.043,Furnace oil combustion in the boiler to produce steam for pasteurization.Furnace oil (product code-3080-from Chennai petroleum corporation limited)
B10FC3C,Fuel Oil Combustion in Boilers,Thorium,0.0246,0.0029,Inductively Coupled Plasma Atomic Emission Spectroscopy (ICP-AES),standard deviation,PM10,3,"Patil et al.,2013",India,Banglore Milk Dairy,25-10-2007,NIL,Composite of 3 samples taken from the exhaust stack of an Industrial boiler  using an isokinetic sampling probe and a dilution chamber(1:08) for 60 min sampling duration,16.0527611,72.9865507,7440-29-1,Th,"Patil, R. S., Kumar, R., Menon, R., Shah, M. K., & Sethi, V. (2013). Development of particulate matter speciation profiles for major sources in six cities in India. Atmospheric Research, 132-133, 1–11. doi:10.1016/j.atmosres.2013.04.33",https://doi.org/10.1016/j.atmosres.2013.04.044,Furnace oil combustion in the boiler to produce steam for pasteurization.Furnace oil (product code-3080-from Chennai petroleum corporation limited)
B10FC3C,Fuel Oil Combustion in Boilers,Titanium,0.0131,0.0011,Inductively Coupled Plasma Atomic Emission Spectroscopy (ICP-AES),standard deviation,PM10,3,"Patil et al.,2013",India,Banglore Milk Dairy,25-10-2007,NIL,Composite of 3 samples taken from the exhaust stack of an Industrial boiler  using an isokinetic sampling probe and a dilution chamber(1:08) for 60 min sampling duration,16.0527611,72.9865507,7440-32-6,Ti,"Patil, R. S., Kumar, R., Menon, R., Shah, M. K., & Sethi, V. (2013). Development of particulate matter speciation profiles for major sources in six cities in India. Atmospheric Research, 132-133, 1–11. doi:10.1016/j.atmosres.2013.04.34",https://doi.org/10.1016/j.atmosres.2013.04.045,Furnace oil combustion in the boiler to produce steam for pasteurization.Furnace oil (product code-3080-from Chennai petroleum corporation limited)
B10FC3C,Fuel Oil Combustion in Boilers,Vanadium,0.6553,0.0477,Inductively Coupled Plasma Atomic Emission Spectroscopy (ICP-AES),standard deviation,PM10,3,"Patil et al.,2013",India,Banglore Milk Dairy,25-10-2007,NIL,Composite of 3 samples taken from the exhaust stack of an Industrial boiler  using an isokinetic sampling probe and a dilution chamber(1:08) for 60 min sampling duration,16.0527611,72.9865507,7440-62-2,V,"Patil, R. S., Kumar, R., Menon, R., Shah, M. K., & Sethi, V. (2013). Development of particulate matter speciation profiles for major sources in six cities in India. Atmospheric Research, 132-133, 1–11. doi:10.1016/j.atmosres.2013.04.35",https://doi.org/10.1016/j.atmosres.2013.04.046,Furnace oil combustion in the boiler to produce steam for pasteurization.Furnace oil (product code-3080-from Chennai petroleum corporation limited)
B10FC3C,Fuel Oil Combustion in Boilers,Tungsten,0.0102,0.0064,Inductively Coupled Plasma Atomic Emission Spectroscopy (ICP-AES),standard deviation,PM10,3,"Patil et al.,2013",India,Banglore Milk Dairy,25-10-2007,NIL,Composite of 3 samples taken from the exhaust stack of an Industrial boiler  using an isokinetic sampling probe and a dilution chamber(1:08) for 60 min sampling duration,16.0527611,72.9865507,7440-33-7,W,"Patil, R. S., Kumar, R., Menon, R., Shah, M. K., & Sethi, V. (2013). Development of particulate matter speciation profiles for major sources in six cities in India. Atmospheric Research, 132-133, 1–11. doi:10.1016/j.atmosres.2013.04.36",https://doi.org/10.1016/j.atmosres.2013.04.047,Furnace oil combustion in the boiler to produce steam for pasteurization.Furnace oil (product code-3080-from Chennai petroleum corporation limited)
B10FC3C,Fuel Oil Combustion in Boilers,Yttrium,0.0011,0.0003,Inductively Coupled Plasma Atomic Emission Spectroscopy (ICP-AES),standard deviation,PM10,3,"Patil et al.,2013",India,Banglore Milk Dairy,25-10-2007,NIL,Composite of 3 samples taken from the exhaust stack of an Industrial boiler  using an isokinetic sampling probe and a dilution chamber(1:08) for 60 min sampling duration,16.0527611,72.9865507,7440-65-5,Y,"Patil, R. S., Kumar, R., Menon, R., Shah, M. K., & Sethi, V. (2013). Development of particulate matter speciation profiles for major sources in six cities in India. Atmospheric Research, 132-133, 1–11. doi:10.1016/j.atmosres.2013.04.37",https://doi.org/10.1016/j.atmosres.2013.04.048,Furnace oil combustion in the boiler to produce steam for pasteurization.Furnace oil (product code-3080-from Chennai petroleum corporation limited)
B10FC3C,Fuel Oil Combustion in Boilers,Zinc,0.0462,0.0034,Inductively Coupled Plasma Atomic Emission Spectroscopy (ICP-AES),standard deviation,PM10,3,"Patil et al.,2013",India,Banglore Milk Dairy,25-10-2007,NIL,Composite of 3 samples taken from the exhaust stack of an Industrial boiler  using an isokinetic sampling probe and a dilution chamber(1:08) for 60 min sampling duration,16.0527611,72.9865507,7440-66-6,Zn,"Patil, R. S., Kumar, R., Menon, R., Shah, M. K., & Sethi, V. (2013). Development of particulate matter speciation profiles for major sources in six cities in India. Atmospheric Research, 132-133, 1–11. doi:10.1016/j.atmosres.2013.04.38",https://doi.org/10.1016/j.atmosres.2013.04.049,Furnace oil combustion in the boiler to produce steam for pasteurization.Furnace oil (product code-3080-from Chennai petroleum corporation limited)
B10FC3C,Fuel Oil Combustion in Boilers,Zirconium,0.0019,0.0006,Inductively Coupled Plasma Atomic Emission Spectroscopy (ICP-AES),standard deviation,PM10,3,"Patil et al.,2013",India,Banglore Milk Dairy,25-10-2007,NIL,Composite of 3 samples taken from the exhaust stack of an Industrial boiler  using an isokinetic sampling probe and a dilution chamber(1:08) for 60 min sampling duration,16.0527611,72.9865507,7440-67-7,Zr,"Patil, R. S., Kumar, R., Menon, R., Shah, M. K., & Sethi, V. (2013). Development of particulate matter speciation profiles for major sources in six cities in India. Atmospheric Research, 132-133, 1–11. doi:10.1016/j.atmosres.2013.04.39",https://doi.org/10.1016/j.atmosres.2013.04.050,Furnace oil combustion in the boiler to produce steam for pasteurization.Furnace oil (product code-3080-from Chennai petroleum corporation limited)
B10FC3C,Fuel Oil Combustion in Boilers,Flouride,0.0395,0.0040,"Ion Cromatograph Method (Metrohm, Model IC Basic 792)",standard deviation,PM10,3,"Patil et al.,2013",India,Banglore Milk Dairy,25-10-2007,NIL,Composite of 3 samples taken from the exhaust stack of an Industrial boiler  using an isokinetic sampling probe and a dilution chamber(1:08) for 60 min sampling duration,16.0527611,72.9865507,16984-48-8,F-,"Patil, R. S., Kumar, R., Menon, R., Shah, M. K., & Sethi, V. (2013). Development of particulate matter speciation profiles for major sources in six cities in India. Atmospheric Research, 132-133, 1–11. doi:10.1016/j.atmosres.2013.04.40",https://doi.org/10.1016/j.atmosres.2013.04.051,Furnace oil combustion in the boiler to produce steam for pasteurization.Furnace oil (product code-3080-from Chennai petroleum corporation limited)
B10FC3C,Fuel Oil Combustion in Boilers,Chloride,0.1926,0.0481,"Ion Cromatograph Method (Metrohm, Model IC Basic 792)",standard deviation,PM10,3,"Patil et al.,2013",India,Banglore Milk Dairy,25-10-2007,NIL,Composite of 3 samples taken from the exhaust stack of an Industrial boiler  using an isokinetic sampling probe and a dilution chamber(1:08) for 60 min sampling duration,16.0527611,72.9865507,16887-00-6,Cl-,"Patil, R. S., Kumar, R., Menon, R., Shah, M. K., & Sethi, V. (2013). Development of particulate matter speciation profiles for major sources in six cities in India. Atmospheric Research, 132-133, 1–11. doi:10.1016/j.atmosres.2013.04.41",https://doi.org/10.1016/j.atmosres.2013.04.052,Furnace oil combustion in the boiler to produce steam for pasteurization.Furnace oil (product code-3080-from Chennai petroleum corporation limited)
B10FC3C,Fuel Oil Combustion in Boilers,Nitrite,0.0093,0.0007,"Ion Cromatograph Method (Metrohm, Model IC Basic 792)",standard deviation,PM10,3,"Patil et al.,2013",India,Banglore Milk Dairy,25-10-2007,NIL,Composite of 3 samples taken from the exhaust stack of an Industrial boiler  using an isokinetic sampling probe and a dilution chamber(1:08) for 60 min sampling duration,16.0527611,72.9865507,14797-65-0,NO2-,"Patil, R. S., Kumar, R., Menon, R., Shah, M. K., & Sethi, V. (2013). Development of particulate matter speciation profiles for major sources in six cities in India. Atmospheric Research, 132-133, 1–11. doi:10.1016/j.atmosres.2013.04.42",https://doi.org/10.1016/j.atmosres.2013.04.053,Furnace oil combustion in the boiler to produce steam for pasteurization.Furnace oil (product code-3080-from Chennai petroleum corporation limited)
B10FC3C,Fuel Oil Combustion in Boilers,Bromide,0.0963,0.0102,"Ion Cromatograph Method (Metrohm, Model IC Basic 792)",standard deviation,PM10,3,"Patil et al.,2013",India,Banglore Milk Dairy,25-10-2007,NIL,Composite of 3 samples taken from the exhaust stack of an Industrial boiler  using an isokinetic sampling probe and a dilution chamber(1:08) for 60 min sampling duration,16.0527611,72.9865507,24959-67-9,Br-,"Patil, R. S., Kumar, R., Menon, R., Shah, M. K., & Sethi, V. (2013). Development of particulate matter speciation profiles for major sources in six cities in India. Atmospheric Research, 132-133, 1–11. doi:10.1016/j.atmosres.2013.04.43",https://doi.org/10.1016/j.atmosres.2013.04.054,Furnace oil combustion in the boiler to produce steam for pasteurization.Furnace oil (product code-3080-from Chennai petroleum corporation limited)
B10FC3C,Fuel Oil Combustion in Boilers,Nitrate,0.0403,0.0104,"Ion Cromatograph Method (Metrohm, Model IC Basic 792)",standard deviation,PM10,3,"Patil et al.,2013",India,Banglore Milk Dairy,25-10-2007,NIL,Composite of 3 samples taken from the exhaust stack of an Industrial boiler  using an isokinetic sampling probe and a dilution chamber(1:08) for 60 min sampling duration,16.0527611,72.9865507,14797-55-8,NO3-,"Patil, R. S., Kumar, R., Menon, R., Shah, M. K., & Sethi, V. (2013). Development of particulate matter speciation profiles for major sources in six cities in India. Atmospheric Research, 132-133, 1–11. doi:10.1016/j.atmosres.2013.04.44",https://doi.org/10.1016/j.atmosres.2013.04.055,Furnace oil combustion in the boiler to produce steam for pasteurization.Furnace oil (product code-3080-from Chennai petroleum corporation limited)
B10FC3C,Fuel Oil Combustion in Boilers,Phosphate,0.0057,0.0041,"Ion Cromatograph Method (Metrohm, Model IC Basic 792)",standard deviation,PM10,3,"Patil et al.,2013",India,Banglore Milk Dairy,25-10-2007,NIL,Composite of 3 samples taken from the exhaust stack of an Industrial boiler  using an isokinetic sampling probe and a dilution chamber(1:08) for 60 min sampling duration,16.0527611,72.9865507,14265-44-2,PO4--,"Patil, R. S., Kumar, R., Menon, R., Shah, M. K., & Sethi, V. (2013). Development of particulate matter speciation profiles for major sources in six cities in India. Atmospheric Research, 132-133, 1–11. doi:10.1016/j.atmosres.2013.04.45",https://doi.org/10.1016/j.atmosres.2013.04.056,Furnace oil combustion in the boiler to produce steam for pasteurization.Furnace oil (product code-3080-from Chennai petroleum corporation limited)
B10FC3C,Fuel Oil Combustion in Boilers,Sulfate,30.0644,2.1295,"Ion Cromatograph Method (Metrohm, Model IC Basic 792)",standard deviation,PM10,3,"Patil et al.,2013",India,Banglore Milk Dairy,25-10-2007,NIL,Composite of 3 samples taken from the exhaust stack of an Industrial boiler  using an isokinetic sampling probe and a dilution chamber(1:08) for 60 min sampling duration,16.0527611,72.9865507,14808-79-8,SO4--,"Patil, R. S., Kumar, R., Menon, R., Shah, M. K., & Sethi, V. (2013). Development of particulate matter speciation profiles for major sources in six cities in India. Atmospheric Research, 132-133, 1–11. doi:10.1016/j.atmosres.2013.04.46",https://doi.org/10.1016/j.atmosres.2013.04.057,Furnace oil combustion in the boiler to produce steam for pasteurization.Furnace oil (product code-3080-from Chennai petroleum corporation limited)
B10FC3C,Fuel Oil Combustion in Boilers,Sodium ion,0.5494,0.1184,"Ion Cromatograph Method (Metrohm, Model IC Basic 792)",standard deviation,PM10,3,"Patil et al.,2013",India,Banglore Milk Dairy,25-10-2007,NIL,Composite of 3 samples taken from the exhaust stack of an Industrial boiler  using an isokinetic sampling probe and a dilution chamber(1:08) for 60 min sampling duration,16.0527611,72.9865507,,Na+,"Patil, R. S., Kumar, R., Menon, R., Shah, M. K., & Sethi, V. (2013). Development of particulate matter speciation profiles for major sources in six cities in India. Atmospheric Research, 132-133, 1–11. doi:10.1016/j.atmosres.2013.04.47",https://doi.org/10.1016/j.atmosres.2013.04.058,Furnace oil combustion in the boiler to produce steam for pasteurization.Furnace oil (product code-3080-from Chennai petroleum corporation limited)
B10FC3C,Fuel Oil Combustion in Boilers,Ammonium,0.7203,0.0815,"Ion Cromatograph Method (Metrohm, Model IC Basic 792)",standard deviation,PM10,3,"Patil et al.,2013",India,Banglore Milk Dairy,25-10-2007,NIL,Composite of 3 samples taken from the exhaust stack of an Industrial boiler  using an isokinetic sampling probe and a dilution chamber(1:08) for 60 min sampling duration,16.0527611,72.9865507,,NH4+,"Patil, R. S., Kumar, R., Menon, R., Shah, M. K., & Sethi, V. (2013). Development of particulate matter speciation profiles for major sources in six cities in India. Atmospheric Research, 132-133, 1–11. doi:10.1016/j.atmosres.2013.04.48",https://doi.org/10.1016/j.atmosres.2013.04.059,Furnace oil combustion in the boiler to produce steam for pasteurization.Furnace oil (product code-3080-from Chennai petroleum corporation limited)
B10FC3C,Fuel Oil Combustion in Boilers,Soluble Potassium,0.0659,0.0700,"Ion Cromatograph Method (Metrohm, Model IC Basic 792)",standard deviation,PM10,3,"Patil et al.,2013",India,Banglore Milk Dairy,25-10-2007,NIL,Composite of 3 samples taken from the exhaust stack of an Industrial boiler  using an isokinetic sampling probe and a dilution chamber(1:08) for 60 min sampling duration,16.0527611,72.9865507,,K+,"Patil, R. S., Kumar, R., Menon, R., Shah, M. K., & Sethi, V. (2013). Development of particulate matter speciation profiles for major sources in six cities in India. Atmospheric Research, 132-133, 1–11. doi:10.1016/j.atmosres.2013.04.49",https://doi.org/10.1016/j.atmosres.2013.04.060,Furnace oil combustion in the boiler to produce steam for pasteurization.Furnace oil (product code-3080-from Chennai petroleum corporation limited)
B10FC3C,Fuel Oil Combustion in Boilers,Soluble Calcium,0.0858,0.1305,"Ion Cromatograph Method (Metrohm, Model IC Basic 792)",standard deviation,PM10,3,"Patil et al.,2013",India,Banglore Milk Dairy,25-10-2007,NIL,Composite of 3 samples taken from the exhaust stack of an Industrial boiler  using an isokinetic sampling probe and a dilution chamber(1:08) for 60 min sampling duration,16.0527611,72.9865507,,Ca2+,"Patil, R. S., Kumar, R., Menon, R., Shah, M. K., & Sethi, V. (2013). Development of particulate matter speciation profiles for major sources in six cities in India. Atmospheric Research, 132-133, 1–11. doi:10.1016/j.atmosres.2013.04.50",https://doi.org/10.1016/j.atmosres.2013.04.061,Furnace oil combustion in the boiler to produce steam for pasteurization.Furnace oil (product code-3080-from Chennai petroleum corporation limited)
B10FC3C,Fuel Oil Combustion in Boilers,Soluble Magnesium,0.051,0.0366,"Ion Cromatograph Method (Metrohm, Model IC Basic 792)",standard deviation,PM10,3,"Patil et al.,2013",India,Banglore Milk Dairy,25-10-2007,NIL,Composite of 3 samples taken from the exhaust stack of an Industrial boiler  using an isokinetic sampling probe and a dilution chamber(1:08) for 60 min sampling duration,16.0527611,72.9865507,,Mg2+,"Patil, R. S., Kumar, R., Menon, R., Shah, M. K., & Sethi, V. (2013). Development of particulate matter speciation profiles for major sources in six cities in India. Atmospheric Research, 132-133, 1–11. doi:10.1016/j.atmosres.2013.04.51",https://doi.org/10.1016/j.atmosres.2013.04.062,Furnace oil combustion in the boiler to produce steam for pasteurization.Furnace oil (product code-3080-from Chennai petroleum corporation limited)
B10FC3C,Fuel Oil Combustion in Boilers,OC1,0.7988,0.0399,"Thermal/Optical Carbon Analyzer (Model 2001, DRI)",standard deviation,PM10,3,"Patil et al.,2013",India,Banglore Milk Dairy,25-10-2007,NIL,Composite of 3 samples taken from the exhaust stack of an Industrial boiler  using an isokinetic sampling probe and a dilution chamber(1:08) for 60 min sampling duration,16.0527611,72.9865507,,,"Patil, R. S., Kumar, R., Menon, R., Shah, M. K., & Sethi, V. (2013). Development of particulate matter speciation profiles for major sources in six cities in India. Atmospheric Research, 132-133, 1–11. doi:10.1016/j.atmosres.2013.04.52",https://doi.org/10.1016/j.atmosres.2013.04.063,Furnace oil combustion in the boiler to produce steam for pasteurization.Furnace oil (product code-3080-from Chennai petroleum corporation limited)
B10FC3C,Fuel Oil Combustion in Boilers,OC2,0.3578,0.0179,"Thermal/Optical Carbon Analyzer (Model 2001, DRI)",standard deviation,PM10,3,"Patil et al.,2013",India,Banglore Milk Dairy,25-10-2007,NIL,Composite of 3 samples taken from the exhaust stack of an Industrial boiler  using an isokinetic sampling probe and a dilution chamber(1:08) for 60 min sampling duration,16.0527611,72.9865507,,,"Patil, R. S., Kumar, R., Menon, R., Shah, M. K., & Sethi, V. (2013). Development of particulate matter speciation profiles for major sources in six cities in India. Atmospheric Research, 132-133, 1–11. doi:10.1016/j.atmosres.2013.04.53",https://doi.org/10.1016/j.atmosres.2013.04.064,Furnace oil combustion in the boiler to produce steam for pasteurization.Furnace oil (product code-3080-from Chennai petroleum corporation limited)
B10FC3C,Fuel Oil Combustion in Boilers,OC3,1.4673,0.0734,"Thermal/Optical Carbon Analyzer (Model 2001, DRI)",standard deviation,PM10,3,"Patil et al.,2013",India,Banglore Milk Dairy,25-10-2007,NIL,Composite of 3 samples taken from the exhaust stack of an Industrial boiler  using an isokinetic sampling probe and a dilution chamber(1:08) for 60 min sampling duration,16.0527611,72.9865507,,,"Patil, R. S., Kumar, R., Menon, R., Shah, M. K., & Sethi, V. (2013). Development of particulate matter speciation profiles for major sources in six cities in India. Atmospheric Research, 132-133, 1–11. doi:10.1016/j.atmosres.2013.04.54",https://doi.org/10.1016/j.atmosres.2013.04.065,Furnace oil combustion in the boiler to produce steam for pasteurization.Furnace oil (product code-3080-from Chennai petroleum corporation limited)
B10FC3C,Fuel Oil Combustion in Boilers,OC4,0.8485,0.0424,"Thermal/Optical Carbon Analyzer (Model 2001, DRI)",standard deviation,PM10,3,"Patil et al.,2013",India,Banglore Milk Dairy,25-10-2007,NIL,Composite of 3 samples taken from the exhaust stack of an Industrial boiler  using an isokinetic sampling probe and a dilution chamber(1:08) for 60 min sampling duration,16.0527611,72.9865507,,,"Patil, R. S., Kumar, R., Menon, R., Shah, M. K., & Sethi, V. (2013). Development of particulate matter speciation profiles for major sources in six cities in India. Atmospheric Research, 132-133, 1–11. doi:10.1016/j.atmosres.2013.04.55",https://doi.org/10.1016/j.atmosres.2013.04.066,Furnace oil combustion in the boiler to produce steam for pasteurization.Furnace oil (product code-3080-from Chennai petroleum corporation limited)
B10FC3C,Fuel Oil Combustion in Boilers,OP,0.2617,0.0131,"Thermal/Optical Carbon Analyzer (Model 2001, DRI)",standard deviation,PM10,3,"Patil et al.,2013",India,Banglore Milk Dairy,25-10-2007,NIL,Composite of 3 samples taken from the exhaust stack of an Industrial boiler  using an isokinetic sampling probe and a dilution chamber(1:08) for 60 min sampling duration,16.0527611,72.9865507,,,"Patil, R. S., Kumar, R., Menon, R., Shah, M. K., & Sethi, V. (2013). Development of particulate matter speciation profiles for major sources in six cities in India. Atmospheric Research, 132-133, 1–11. doi:10.1016/j.atmosres.2013.04.56",https://doi.org/10.1016/j.atmosres.2013.04.067,Furnace oil combustion in the boiler to produce steam for pasteurization.Furnace oil (product code-3080-from Chennai petroleum corporation limited)
B10FC3C,Fuel Oil Combustion in Boilers,EC1,15.4987,0.7749,"Thermal/Optical Carbon Analyzer (Model 2001, DRI)",standard deviation,PM10,3,"Patil et al.,2013",India,Banglore Milk Dairy,25-10-2007,NIL,Composite of 3 samples taken from the exhaust stack of an Industrial boiler  using an isokinetic sampling probe and a dilution chamber(1:08) for 60 min sampling duration,16.0527611,72.9865507,,,"Patil, R. S., Kumar, R., Menon, R., Shah, M. K., & Sethi, V. (2013). Development of particulate matter speciation profiles for major sources in six cities in India. Atmospheric Research, 132-133, 1–11. doi:10.1016/j.atmosres.2013.04.57",https://doi.org/10.1016/j.atmosres.2013.04.068,Furnace oil combustion in the boiler to produce steam for pasteurization.Furnace oil (product code-3080-from Chennai petroleum corporation limited)
B10FC3C,Fuel Oil Combustion in Boilers,EC2,0.778,0.0389,"Thermal/Optical Carbon Analyzer (Model 2001, DRI)",standard deviation,PM10,3,"Patil et al.,2013",India,Banglore Milk Dairy,25-10-2007,NIL,Composite of 3 samples taken from the exhaust stack of an Industrial boiler  using an isokinetic sampling probe and a dilution chamber(1:08) for 60 min sampling duration,16.0527611,72.9865507,,,"Patil, R. S., Kumar, R., Menon, R., Shah, M. K., & Sethi, V. (2013). Development of particulate matter speciation profiles for major sources in six cities in India. Atmospheric Research, 132-133, 1–11. doi:10.1016/j.atmosres.2013.04.58",https://doi.org/10.1016/j.atmosres.2013.04.069,Furnace oil combustion in the boiler to produce steam for pasteurization.Furnace oil (product code-3080-from Chennai petroleum corporation limited)
B10FC3C,Fuel Oil Combustion in Boilers,EC3,0.1471,0.0074,"Thermal/Optical Carbon Analyzer (Model 2001, DRI)",standard deviation,PM10,3,"Patil et al.,2013",India,Banglore Milk Dairy,25-10-2007,NIL,Composite of 3 samples taken from the exhaust stack of an Industrial boiler  using an isokinetic sampling probe and a dilution chamber(1:08) for 60 min sampling duration,16.0527611,72.9865507,,,"Patil, R. S., Kumar, R., Menon, R., Shah, M. K., & Sethi, V. (2013). Development of particulate matter speciation profiles for major sources in six cities in India. Atmospheric Research, 132-133, 1–11. doi:10.1016/j.atmosres.2013.04.59",https://doi.org/10.1016/j.atmosres.2013.04.070,Furnace oil combustion in the boiler to produce steam for pasteurization.Furnace oil (product code-3080-from Chennai petroleum corporation limited)